product_name,price,discounts
Elegant Fashionable Women Handbags,₹303,₹50 discount on 1st order
Elegant Versatile Women Handbags,₹615,₹50 discount on 1st order
Trendy Fancy Women Handbags,₹4949,₹50 discount on 1st order
Trendy Fashionable Women Handbags,₹1146,₹50 discount on 1st order
Trendy Fashionable Women Handbags,₹339,₹50 discount on 1st order
Elegant Fancy Women Handbags,₹761,₹50 discount on 1st order
Classic Alluring Women Handbags,₹145,₹25 discount on 1st order
Trendy Women's Leather Handbag,₹645,₹50 discount on 1st order
Trendy Stylish Women Handbags,₹330,₹50 discount on 1st order
Classic Fancy Women Handbags,₹350,₹50 discount on 1st order
Elegant Fashionable Women Handbags,₹748,₹50 discount on 1st order
Classic Classy Women Handbags,₹334,₹50 discount on 1st order
Ravishing Fancy Women Handbags,₹334,₹50 discount on 1st order
Elite Alluring Women Handbags,₹834,₹50 discount on 1st order
Elite Versatile Women Handbags,₹650,₹50 discount on 1st order
Gorgeous Versatile Women Handbags,₹841,₹50 discount on 1st order
Classic Stylish Women Handbags,₹615,₹50 discount on 1st order
Ravishing Stylish Women Handbags,₹392,₹50 discount on 1st order
Voguish Alluring Women Handbags,₹448,₹50 discount on 1st order
Ravishing Classy Women Handbags,₹323,₹50 discount on 1st order
